<?xml version="1.0" encoding="UTF-8"?>
<!DOCTYPE sqlMap PUBLIC "-//ibatis.apache.org//DTD SQL Map 2.0//EN" "sql-map-2.dtd">

<sqlMap namespace="ChargebackSearch"> 

	<!-- Aliases for Java primitive wrapper objects -->
    <typeAlias alias="Integer" type="java.lang.Integer"/>
    <typeAlias alias="String" type="java.lang.String"/>
    <typeAlias alias="Map" type="java.util.Map"/>

	<!-- Aliases for business objects -->
    <typeAlias alias="ChargebackBO" type="com.unfi.cbk.bo.ChargebackBO"/>

   	<!-- Result mappings -->
    <resultMap id="chargebackSearch-result" class="ChargebackBO">
    
    	<result property="locationNumber" column="locationNumber"/>
    	<result property="invoiceDate" column="invoiceDate"/>
    	<result property="vendorId" column="vendorId"/>
    	<result property="invoiceNumber" column="invoiceNumber"/>
    	<result property="originator" column="originator"/>
    	<result property="approver" column="approver"/>
    	<result property="netAmount" column="netAmount"/>
    	<!-- <result property="type" column="type"/> -->
     </resultMap>
     
     
     <resultMap id="getChargebackDetail-result" class="ChargebackBO">
    
    	<result property="locationNumber" column="locationNumber"/>
    	<result property="invoiceDate" column="invoiceDate"/>
    	<result property="dueDate" column="dueDate"/>
    	<result property="vendorId" column="vendorId"/>
    	<result property="invoiceNumber" column="invoiceNumber"/>
    	<result property="originator" column="originator"/>
    	<result property="approver" column="approver"/>
    	<result property="netAmount" column="netAmount"/>
    	<result property="typeName" column="typeName"/>
    	<result property="creatorId" column="creatorId"/>
    	<result property="reasonCode" column="reasonCode"/>
    	<result property="prdGrpCode" column="prdGrpCode"/>
    	<!-- <result property="type" column="type"/> -->
     </resultMap>
     
     <resultMap id="createChargeback-result" class="ChargebackBO">
    
    	<result property="locationNumber" column="locationNumber"/>
    	<result property="invoiceDate" column="invoiceDate"/>
    	<result property="dueDate" column="dueDate"/>
    	<result property="vendorId" column="vendorId"/>
    	<result property="invoiceNumber" column="invoiceNumber"/>
    	<result property="originator" column="originator"/>
    	<result property="approver" column="approver"/>
    	<result property="netAmount" column="netAmount"/>
    	<result property="typeName" column="typeName"/>
    	<result property="creatorId" column="creatorId"/>
    	<result property="reasonCode" column="reasonCode"/>
    	<result property="prdGrpCode" column="prdGrpCode"/>
    	<!-- <result property="type" column="type"/> -->
     </resultMap>
    
     
    <resultMap id="chargebackTypes-result" class="ChargebackBO">
  		<result property="typeId" column="typeId"/>
    	<result property="typeName" column="typeName"/>  	
   
   </resultMap>
   
   
 	<resultMap id="locationValidator-result" class="ChargebackBO">
    	<result property="locationNumber" column="locationNumber"/>
     </resultMap>
     
     <resultMap id="vendorValidator-result" class="ChargebackBO">
    	<result property="vendorId" column="vendorId"/>
     </resultMap>
     
     <resultMap id="originatorValidator-result" class="ChargebackBO">
    	<result property="originator" column="originator"/>
     </resultMap>
     
     <resultMap id="approverValidator-result" class="ChargebackBO">
    	<result property="approver" column="approver"/>
     </resultMap>
     
    <!-- Cache models -->
    <cacheModel id="count-cache" type="LRU">
    	<flushInterval minutes="10" />
    	<property name="size" value="100" />
    </cacheModel>          
         
  	<!-- SQL -->
   
   <select id="getChargebackTypes"  resultMap="chargebackTypes-result">
		SELECT c.TYPE_ID typeId, c.TYPE_DESCRIPTION typeName
		FROM  ${db.schema.name}.CBK_TYPE c
	</select>
	
	<!-- 
     <select id="getAvailableChargebacks" resultMap="chargebackSearch-result">  
     
     SELECT K.INVOICE_NUMBER, K.LOCATION_NUMBER, K.Route_ID, VENDOR_NUMBER, CREATOR_ID, Total, Type_ID, J.ROLE_ID, I.STEP_NUMBER FROM SVCBKT0.CBK_ROUTING I, SVCBKT0.CBK_APPROVER_ROLES J, 
(SELECT H.INVOICE_NUMBER, H.LOCATION_NUMBER, MIN(STEP_NUMBER) As NextStep, CREATOR_ID, VENDOR_NUMBER, H.ROUTE_ID, Total, TYPE_ID FROM SVCBKT0.CBK_ROUTING G, 
(SELECT MAX(STEP_NUMBER) AS LastStep, INVOICE_NUMBER, Location_Number FROM SVCBKT0.CBK_APPROVALS Group BY INVOICE_NUMBER, LOCATION_NUMBER) D, 
(SELECT A.INVOICE_NUMBER, A.LOCATION_NUMBER, ROUTE_ID, CREATOR_ID, VENDOR_NUMBER, A.TYPE_ID, SUM(NVL(Item_Quantity, 0) * NVL(Item_Price, 0)) As Total FROM  SVCBKT0.CBK_CHARGEBACK A, SVCBKT0.CBK_ITEM B, SVCBKT0.CBK_TYPE C WHERE (B.INVOICE_NUMBER = A.INVOICE_NUMBER AND B.LOCATION_NUMBER = A.LOCATION_NUMBER) AND A.TYPE_ID = C.TYPE_ID AND NEXT_APPROVER_ID IS NOT NULL AND NVL(EXPORTED, 0) = 0 And NVL(CANCELLED, 0) = 0 Group BY A.INVOICE_NUMBER, A.LOCATION_NUMBER, ROUTE_ID, VENDOR_NUMBER, CREATOR_ID, A.TYPE_ID) H 
WHERE (D.INVOICE_NUMBER (+) = H.INVOICE_NUMBER AND D.LOCATION_NUMBER (+) = H.LOCATION_NUMBER) AND G.ROUTE_ID = H.ROUTE_ID AND G.STEP_NUMBER > NVL(D.LastStep,0) AND G.AMOUNT_FLOOR <= NVL(H.Total,0) Group BY H.INVOICE_NUMBER, H.LOCATION_NUMBER, CREATOR_ID, H.ROUTE_ID, VENDOR_NUMBER,  Total, TYPE_ID) K 
WHERE I.STEP_NUMBER = K.NextStep AND I.ROLE_ID = J.ROLE_ID AND J.LOCATION_NUMBER = SUBSTR(K.LOCATION_NUMBER, 1,2) AND I.ROUTE_ID = K.ROUTE_ID AND J.APPROVER_ID = USER

UNION 

SELECT DISTINCT
   
    A.INVOICE_NUMBER, 
A.LOCATION_NUMBER,
    ROUTE_ID,
    VENDOR_NUMBER,
CREATOR_ID,
    Total AS Amount,
F.TYPE_ID,
D.ROLE_ID,
10 as STEP_NUMBER
FROM 
     
      (SELECT * FROM SVCBKT0.CBK_CHARGEBACK WHERE NVL(EXPORTED,0)= 0 AND NVL(CANCELLED,0) = 0 AND NEXT_APPROVER_ID IS NOT NULL AND TYPE_ID = 2) A,
      (SELECT INVOICE_NUMBER, LOCATION_NUMBER FROM SVCBKT0.CBK_APPROVALS WHERE STEP_NUMBER =10) C, 
      (SELECT INVOICE_NUMBER, LOCATION_NUMBER FROM SVCBKT0.CBK_APPROVALS WHERE STEP_NUMBER > 10 ) E,
      SVCBKT0.CBK_APPROVER_ROLES D, SVCBKT0.CBK_TYPE F,
      (SELECT SUM(NVL(ITEM_QUANTITY,0) * NVL(ITEM_PRICE,0)) AS TOTAL, INVOICE_NUMBER, LOCATION_NUMBER FROM SVCBKT0.CBK_ITEM GROUP BY INVOICE_NUMBER, LOCATION_NUMBER) G

WHERE 
    A.TYPE_ID = F.TYPE_ID AND
    A.INVOICE_NUMBER = E.INVOICE_NUMBER AND A.LOCATION_NUMBER = E.LOCATION_NUMBER AND
    A.INVOICE_NUMBER = G.INVOICE_NUMBER AND A.LOCATION_NUMBER = G.LOCATION_NUMBER AND
    A.INVOICE_NUMBER = C.INVOICE_NUMBER (+) AND A.LOCATION_NUMBER = C.LOCATION_NUMBER (+) AND     
    C.INVOICE_NUMBER IS NULL AND 
    D.APPROVER_ID = USER AND 
    SUBSTR(A.LOCATION_NUMBER,1,2) = D.LOCATION_NUMBER;
     </select>
     -->
   	<select id="getChargebacks" parameterClass="Map" resultMap="chargebackSearch-result">
	
		SELECT  LTRIM(A.location_number) locationNumber, LTRIM(A.INVOICE_NUMBER) invoiceNumber,  A.Invoice_Date invoiceDate, A.Vendor_Number vendorId,
		D.APPROVER_NAME originator, C.APPROVER_NAME approver, B.Item_Price netAmount
		FROM ${db.schema.name}.CBK_CHARGEBACK A, ${db.schema.name}.CBK_ITEM B, ${db.schema.name}.CBK_APPROVER C, ${db.schema.name}.CBK_APPROVER D
		 WHERE B.INVOICE_NUMBER  = A.INVOICE_NUMBER AND B.LOCATION_NUMBER  = A.LOCATION_NUMBER AND
		 A.CREATOR_ID = D.APPROVER_ID AND A.NEXT_APPROVER_ID = C.APPROVER_ID 
		 <isNotEmpty property="locationNumber" prepend="AND">
		      LTRIM(A.LOCATION_NUMBER) LIKE #locationNumber# 
		</isNotEmpty>
		<isNotEmpty property="vendorId" prepend="AND">
		     LTRIM(A.VENDOR_NUMBER) LIKE #vendorId#
		</isNotEmpty>
		<isNotEmpty property="originator" prepend="AND">
		     LTRIM(A.CREATOR_ID) LIKE #originator#
		</isNotEmpty>
		<isNotEmpty property="approver" prepend="AND">
		     LTRIM(A.NEXT_APPROVER_ID) LIKE #approver#
		</isNotEmpty>
		<isNotEmpty property="amountFrom">
			<isNotEmpty property="amountTo" prepend="AND" >
    			B.Item_Price BETWEEN #amountFrom# AND #amountTo#
    		</isNotEmpty>
    	</isNotEmpty>	
    	<isNotEmpty property="invoiceFrom">
			<isNotEmpty property="invoiceTo" prepend="AND" >
    			A.INVOICE_NUMBER BETWEEN #invoiceFrom# AND #invoiceTo#
    		</isNotEmpty>
    	</isNotEmpty>
    	<isNotEmpty property="type" prepend="AND">
		     LTRIM(A.TYPE_ID) LIKE #type#
		</isNotEmpty>
		 <isEqual property="cancelled" compareValue="true" prepend="AND">
		       A.CANCELLED  IS NOT NULL
		</isEqual>
		<isEqual property="active" compareValue="true" prepend="AND">
		       A.CANCELLED  IS NULL
		</isEqual>
		<isEqual property="final" compareValue="true" prepend="AND">
		       A.EXPORTED  IS NOT NULL
		</isEqual>
		<isEqual property="notFinal" compareValue="true" prepend="AND">
		       A.EXPORTED  IS NULL
		</isEqual>
		
		Group BY A.INVOICE_NUMBER, A.LOCATION_NUMBER, A.Invoice_Date, A.Vendor_Number, C.APPROVER_NAME, D.APPROVER_NAME, B.Item_Price
  		Order BY A.INVOICE_NUMBER, A.LOCATION_NUMBER
		
	</select>
	
	<select id="locationNumberValidator" parameterClass="Map" resultMap="locationValidator-result">
		SELECT LTRIM(l.location_number) locationNumber
		FROM  ${db.schema.name}.APPROCLEV_V v, ${db.schema.name}.CBK_LOC_REGION l 
		WHERE v.PROC_LEVEL=l.LOCATION_NUMBER
		<isNotEmpty property="locationNumber" prepend="AND">
		          LTRIM(l.location_number) = #locationNumber#
		</isNotEmpty>
	</select>
	
	<select id="vendorNumberValidator" parameterClass="Map" resultMap="vendorValidator-result">
		SELECT   LTRIM(m.vendor) vendorId
		FROM     ${db.schema.name}.apvenmast_v m, ${db.schema.name}.apvenaddr_v a
		WHERE    m.vendor = a.vendor AND m.vendor_status = 'A'
		<isNotEmpty property="vendorId" prepend="AND">
		          LTRIM(m.vendor) = #vendorId#
		</isNotEmpty>
   </select>
   
   
    <select id="originatorValidator" parameterClass="Map" resultMap="originatorValidator-result">
		
		SELECT  a.approver_id originator
		FROM  ${db.schema.name}.CBK_APPROVER a 
		WHERE a.APPROVER_STATUS='A' 
		<isNotEmpty property="originator" prepend="AND">
		       a.approver_id LIKE #originator# 
		</isNotEmpty>
		
   </select>
   
   
   <select id="approverValidator" parameterClass="Map" resultMap="approverValidator-result">
		
		SELECT  a.approver_id approver
		FROM  ${db.schema.name}.CBK_APPROVER a 
		WHERE a.APPROVER_STATUS='A' 
		<isNotEmpty property="approver" prepend="AND">
		       a.approver_id LIKE #approver# 
		</isNotEmpty>
		
   </select>
   
   
   
   <select id="getChargebackDetail" parameterClass="Map" resultMap="getChargebackDetail-result">
  		SELECT  LTRIM(A.location_number) locationNumber, LTRIM(A.INVOICE_NUMBER) invoiceNumber,  
		A.Invoice_Date invoiceDate, A.Due_Date dueDate, A.Vendor_Number vendorId, A.CREATOR_ID creatorId,
		A.REASON_CODE reasonCode,D.APPROVER_NAME originator, A.PRODUCT_GROUP_CODE prdGrpCode,
		C.APPROVER_NAME approver, B.Item_Price netAmount, E.TYPE_DESCRIPTION typeName
		FROM ${db.schema.name}.CBK_CHARGEBACK A, ${db.schema.name}.CBK_ITEM B, ${db.schema.name}.CBK_APPROVER C, 
		${db.schema.name}.CBK_APPROVER D,${db.schema.name}.CBK_TYPE E
		 WHERE B.INVOICE_NUMBER  = A.INVOICE_NUMBER AND B.LOCATION_NUMBER  = A.LOCATION_NUMBER AND
		 A.CREATOR_ID = D.APPROVER_ID AND A.NEXT_APPROVER_ID = C.APPROVER_ID and A.TYPE_ID=E.TYPE_ID
		 <!--AND LTRIM(A.LOCATION_NUMBER) = '65011' AND LTRIM(A.VENDOR_NUMBER) = '6460372'  AND  LTRIM(A.INVOICE_NUMBER)='8106-1010'-->
		  AND LTRIM(A.INVOICE_NUMBER)= #invoiceNumber# AND LTRIM(A.VENDOR_NUMBER) = #vendorId#
		
	</select>
	
	<select id="createChargeback" parameterClass="Map" resultMap="createChargeback-result">
  		SELECT  LTRIM(A.location_number) locationNumber, LTRIM(A.INVOICE_NUMBER) invoiceNumber,  
		A.Invoice_Date invoiceDate, A.Due_Date dueDate, A.Vendor_Number vendorId, A.CREATOR_ID creatorId,
		A.REASON_CODE reasonCode,D.APPROVER_NAME originator, A.PRODUCT_GROUP_CODE prdGrpCode,
		C.APPROVER_NAME approver, B.Item_Price netAmount, E.TYPE_DESCRIPTION typeName
		FROM ${db.schema.name}.CBK_CHARGEBACK A, ${db.schema.name}.CBK_ITEM B, ${db.schema.name}.CBK_APPROVER C, 
		${db.schema.name}.CBK_APPROVER D,${db.schema.name}.CBK_TYPE E
		 WHERE B.INVOICE_NUMBER  = A.INVOICE_NUMBER AND B.LOCATION_NUMBER  = A.LOCATION_NUMBER AND
		 A.CREATOR_ID = D.APPROVER_ID AND A.NEXT_APPROVER_ID = C.APPROVER_ID and A.TYPE_ID=E.TYPE_ID
		 AND LTRIM(A.LOCATION_NUMBER) = '65011' AND LTRIM(A.VENDOR_NUMBER) = '6460372'  AND  LTRIM(A.INVOICE_NUMBER)='8106-1010'
		  <!--AND LTRIM(A.INVOICE_NUMBER)= #invoiceNumber# AND LTRIM(A.VENDOR_NUMBER) = #vendorId#  -->
		
	</select>
	
   
   
   
</sqlMap>