<?xml version="1.0" encoding="UTF-8"?>
<beans xmlns="http://www.springframework.org/schema/beans"
	xmlns:xsi="http://www.w3.org/2001/XMLSchema-instance"
	xmlns:lang="http://www.springframework.org/schema/lang"
	xsi:schemaLocation="http://www.springframework.org/schema/beans
http://www.springframework.org/schema/beans/spring-beans.xsd
http://www.springframework.org/schema/lang
http://www.springframework.org/schema/lang/spring-lang.xsd">

		<bean id="dataSource"
			class="org.springframework.jndi.JndiObjectFactoryBean">
			<property name="jndiName">
				<value>java:/comp/env/jdbc/cbkOracle</value>
			</property>
			<property name="lookupOnStartup">
				<value>false</value>
			</property>
			<property name="cache">
				<value>true</value>
			</property>
			<property name="proxyInterface">
				<value>javax.sql.DataSource</value>
			</property>
		</bean>

		<bean id="sqlMapClient"
			class="org.springframework.orm.ibatis.SqlMapClientFactoryBean">
			<property name="configLocation">
				<value>/WEB-INF/sql-map-config.xml</value>
			</property>
			<property name="useTransactionAwareDataSource">
				<value>true</value>
			</property>
			<property name="dataSource">
				<ref bean="dataSource" />
			</property>
		</bean>
	
	<bean id="sqlMapClientTemplate"
			class="org.springframework.orm.ibatis.SqlMapClientTemplate">
			<property name="sqlMapClient">
				<ref bean="sqlMapClient" />
			</property>
		</bean>

		
			
		
		
		
		
		<bean id="userTransactionManager" class="com.atomikos.icatch.jta.UserTransactionManager"      init-method="init" destroy-method="close"/> 
	
<bean id="transactionManager" class="org.springframework.transaction.jta.JtaTransactionManager">
<property name="userTransaction" ref="userTransactionManager"/>
</bean>
  <bean id="txManagerOracle" class="org.springframework.transaction.jta.JtaTransactionManager">
  <property name="userTransaction" ref="userTransactionManager"/>
  </bean>	
  <bean class="org.springframework.beans.factory.config.PropertyPlaceholderConfigurer" >
    <property name="systemPropertiesModeName" value="SYSTEM_PROPERTIES_MODE_OVERRIDE" />
  </bean>
  
		<!-- DAOs -->
		 
	
		
		<bean id="chargebackCommonDao"
			class="com.unfi.cbk.dao.ibImpl.ChargebackCommonDaoImpl">
			<constructor-arg>
				<ref bean="sqlMapClientTemplate" />
			</constructor-arg>
		
		</bean>
		
		<bean id="ChargebackSearchDao"
			class="com.unfi.cbk.dao.ibImpl.ChargebackSearchDaoImpl">
			<constructor-arg>
				<ref bean="sqlMapClientTemplate" />
			</constructor-arg>
		</bean>
		
		<!-- DELEGATES -->
		
		<bean id="ChargebackSearchDelegate"
			class="com.unfi.cbk.delegates.ChargebackSearchDelegate">
			<constructor-arg>
				<ref bean="ChargebackSearchDao" />
			</constructor-arg>
		</bean>
		 
		
		
		
</beans>