<?xml version="1.0" encoding="UTF-8"?>
<!-- <!DOCTYPE tiles-definitions PUBLIC 
	"-//Apache Software Foundation//DTD Tiles Configuration 1.1//EN"
	"http://jakarta.apache.org/struts/dtds/tiles-config_1_1.dtd"> -->
<!DOCTYPE tiles-definitions PUBLIC
"-//Apache Software Foundation//DTD Tiles Configuration 3.0//EN"
"tiles-config_3_0.dtd">	
	 
<tiles-definitions>
	<!-- overall layout definitions --> 
	<definition name="page.base" template="/layout/layout.jsp">
		<put-attribute  name="header" value="/layout/tiles/header.jsp"/>
		<put-attribute  name="header2" value="/layout/tiles/header2.jsp"/>
		<put-attribute  name="body" value=""/>
		<put-attribute  name="footer" value="/layout/tiles/footer.jsp"/>
	</definition>
	<definition name="vcrpage.base" template="/layout/vcrlayout.jsp">
		<put-attribute  name="header" value="/layout/tiles/header.jsp"/>
		<put-attribute  name="header2" value="/layout/tiles/header2.jsp"/>
		<put-attribute  name="body" value=""/>
		<put-attribute  name="vcr" value="/layout/tiles/vcr.jsp"/>
		<put-attribute  name="footer" value="/layout/tiles/footer.jsp"/>
	</definition>
	<definition name="sideMenu.base" template="/layout/menuLayout.jsp">
		<put-attribute  name="header" value="/layout/tiles/header.jsp"/>
		<put-attribute  name="sideMenu" value="/layout/tiles/sideMenu.jsp"/>
		<put-attribute  name="body" value=""/>
		<put-attribute  name="footer" value="/layout/tiles/footer.jsp"/>
	</definition>
	<definition name="popupPage.base" template="/layout/popupLayout.jsp">
		<put-attribute  name="popupHeader" value="/layout/tiles/popupHeader.jsp"/>
		<put-attribute  name="body" value=""/>
	</definition>
	
	<!-- Home page definition -->
	<definition name="homePageDef" extends="sideMenu.base">
		<put-attribute  name="pageID" value="0" type="string" />
		<put-attribute  name="body" value="/home.jsp"/>
	</definition>
	
	<!-- Admin Menu -->
	<definition name="adminMenu.def" extends="page.base">
		<put-attribute  name="pageID" value="3" type="string" />
		<put-attribute  name="body" value="/adminMenu.jsp"/>
	</definition>
	
	<!--  User Search -->
	<definition name="userSearch.def" extends="page.base">
		<put-attribute  name="pageID" value="3-7" type="string" />
		<put-attribute  name="body" value="/userSearch.jsp"/>
	</definition>

	<!-- Vendor selector definition -->
    <definition name="vendorselector.def" extends="popupPage.base">
            <put-attribute name="body" value="/vendorSelector.jsp"/>
            <put-attribute name="pageID" value="1-1" type="string" />
    </definition>

<!-- locaton selector definition -->  
      <definition name="chargebackLocationSelector.def" extends="popupPage.base">
            <put-attribute name="body" value="/chargebackLocationSelector.jsp"/>
            <put-attribute name="pageID" value="1-2" type="string" />
      </definition>
      
      <!-- Originator selector definition -->  
      <definition name="originatorselector.def" extends="popupPage.base">
            <put-attribute name="body" value="/originatorSelector.jsp"/>
            <put-attribute name="pageID" value="1-3" type="string" />
      </definition>
	
	 <!-- Approver selector definition -->  
      <definition name="approverselector.def" extends="popupPage.base">
            <put-attribute name="body" value="/approverSelector.jsp"/>
            <put-attribute name="pageID" value="1-4" type="string" />
      </definition>
      
	<definition name="chargeback.search.def" extends="page.base" preparer = "com.unfi.cbk.tiles.controller.PageBodyController" >
		<put-attribute  name="body" value="/chargebackSearch.jsp"/>
		<put-attribute  name="pageID" value="1" type="string" />
	</definition>
	
	
	
	
	<definition name="chargeback.search.page" template="/layout/multi.jsp">
		<put-list-attribute  name="definitions">
			<add-attribute value="chargeback.search.def" />
		</put-list-attribute>
	</definition>
	
	
	
	<definition name="chargeback.results.def" extends="vcrpage.base">
		<put-attribute  name="body" value="/chargebackSearchResults.jsp"/>
		<put-attribute  name="pageID" value="1-5" type="string" />
		<put-attribute  name="vcrActionForm" value="chargebackSearchForm" type="string" />
		<put-attribute  name="vcrActionName" value="getChargebackResults" type="string" />
	</definition>
	
	<definition name="chargeback.details.def" extends="vcrpage.base">
		<put-attribute  name="body" value="/chargebackDetail.jsp"/>
		<put-attribute  name="pageID" value="1-6" type="string" />
		<put-attribute  name="vcrActionForm" value="chargebackDetailForm" type="string" />
		<put-attribute  name="vcrActionName" value="getChargebackDetails" type="string" />
	</definition>
	
	<definition name="availableChargeback.results.def" extends="vcrpage.base">
		<put-attribute  name="body" value="/availableChargebacks.jsp"/>
		<put-attribute  name="pageID" value="1-7" type="string" />
		<put-attribute  name="vcrActionForm" value="chargebackSearchForm" type="string" />
		<put-attribute  name="vcrActionName" value="newChargebackSearch" type="string" />
	</definition>

	<definition name="chargeback.create.def" extends="vcrpage.base">
		<put-attribute  name="body" value="/chargebackCreate.jsp"/>
		<put-attribute  name="pageID" value="1-8" type="string" />
		<put-attribute  name="vcrActionForm" value="chargebackCreateForm" type="string" />
		<put-attribute  name="vcrActionName" value="createChargeback" type="string" />
	</definition>
	
	
	
	<!-- Error definitions -->
	<definition name="error.def" extends="page.base">
		<put-attribute name="body" value="/errorPage.jsp"/>
		<put-attribute name="pageID" value="000" type="string" />
	</definition>
	<definition name="error.plain.def" template="/errorPagePlain.jsp">
	</definition>
	<definition name="error.display.def" extends="page.base">
		<put-attribute name="body" value="/errorDisplay.jsp"/>
		<put-attribute name="pageID" value="000" type="string" />
	</definition>
</tiles-definitions>
	
	