<?xml version="1.0" encoding="UTF-8"?>
<!-- <!DOCTYPE reports SYSTEM "reports.dtd"> -->
<reports>
  <report>
    <id>OpenPaymentNotFound</id>
    <title>Open PASS#s for Request Type</title>
    <roles>VendorCorrespondence</roles>
    <processor_class>com.svharbor.epass.reports.processors.DefaultReportProcessor</processor_class>
    <dao_method>default</dao_method>
    <output_types>
      <type>
      	<name>csv</name>
      </type>     
    </output_types>
    <lists>
      <list_source>
        <name>reportRequestTypeList</name>
      </list_source>
    </lists>
  </report>
  <report>
    <id>OpenWithNoGroupMembers</id>
    <title>Open PASS#s assigned to a Group with No Members</title>
    <roles>VendorCorrespondence</roles>
    <processor_class>com.svharbor.epass.reports.processors.DefaultReportProcessor</processor_class>
    <dao_method>default</dao_method>
    <output_types>
      <type>
      	<name>csv</name>
      </type>     
    </output_types>
  </report>             
  <report>
    <id>VendorMasterStat</id>
    <title>Vendor Master Stat Report</title>
    <roles>VendorFileSupport</roles>
    <processor_class>com.svharbor.epass.reports.processors.DefaultReportProcessor</processor_class>
    <dao_method>runVendorMasterStatReport</dao_method>
    <output_types>
      <type>
      	<name>csv</name>
      </type>     
    </output_types>
    <lists>
      <list_source>
        <name>vendorMasterRequestTypeList</name>
      </list_source>
    </lists>
  </report>    
  <report>
    <id>VendorNameRemitWaitingForForms</id>
    <title>Vendor Name/Remit Change Requests - Waiting For Forms - To Do Report</title>
    <roles>VendorFileSupport</roles>
    <processor_class>com.svharbor.epass.reports.processors.DefaultReportProcessor</processor_class>
    <dao_method>default</dao_method>
    <output_types>
      <type>
      	<name>csv</name>
      </type>     
    </output_types>
  </report>              
  <report>
    <id>VendorNameRemitFormsReceived</id>
    <title>Vendor Name/Remit Change Requests - Forms Received - To Do Report</title>
    <roles>VendorFileSupport</roles>
    <processor_class>com.svharbor.epass.reports.processors.DefaultReportProcessor</processor_class>
    <dao_method>default</dao_method>
    <output_types>
      <type>
      	<name>csv</name>
      </type>     
    </output_types>
  </report>    
  <report>
    <id>VendorNameRemitApproved</id>
    <title>Approved - Vendor Name/Remit Change Requests</title>
    <roles>VendorFileSupport</roles>
    <processor_class>com.svharbor.epass.reports.processors.DefaultReportProcessor</processor_class>
    <dao_method>default</dao_method>
    <output_types>
      <type>
      	<name>csv</name>
      </type>     
    </output_types>
  </report>  
  <report>
    <id>CorrespondenceContactApproved</id>
    <title>Approved - Correspondence Contact Change Requests</title>
    <roles>VendorFileSupport</roles>
    <processor_class>com.svharbor.epass.reports.processors.DefaultReportProcessor</processor_class>
    <dao_method>default</dao_method>
    <output_types>
      <type>
      	<name>csv</name>
      </type>     
    </output_types>
  </report>    
  <report>
    <id>EDIContactApproved</id>
    <title>Approved - EDI Contact Change Requests</title>
    <roles>VendorFileSupport</roles>
    <processor_class>com.svharbor.epass.reports.processors.DefaultReportProcessor</processor_class>
    <dao_method>default</dao_method>
    <output_types>
      <type>
      	<name>csv</name>
      </type>     
    </output_types>
  </report>   
 
  <report>
    <id>LockBoxRemitter</id>
    <title>Lock Box Remitter</title>
    <roles>LockboxApprover,LockboxRequestor,LockboxAdmin</roles>
    <processor_class>com.svharbor.epass.reports.processors.DefaultReportProcessor</processor_class>
     <dao_method>runLockBoxRemitterReport</dao_method>
    <output_types>
      <type>
      	<name>csv</name>
      </type>     
      <type>
        <name>html</name>
      </type>     
    </output_types>
  </report>
  <report>
    <id>LockBoxGroup</id>
    <title>Lockbox by Group</title>
     <roles>LockboxApprover,LockboxRequestor,LockboxAdmin</roles>
    <processor_class>com.svharbor.epass.reports.processors.DefaultReportProcessor</processor_class>
     <dao_method>runLockBoxGroupReport</dao_method>
    <output_types>
      <type>
      	<name>csv</name>
      </type>     
      <type>
        <name>html</name>
      </type>     
    </output_types>
  </report> 
   <report>
    <id>LockboxChargeback</id>
    <title>Lockbox by Chargeback/Claim Distribution</title>
    <roles>LockboxApprover,LockboxRequestor,LockboxAdmin</roles>
    <processor_class>com.svharbor.epass.reports.processors.DefaultReportProcessor</processor_class>
    <dao_method>runLockBoxChargebackReport</dao_method>
    <output_types>
      <type>
      	<name>csv</name>
      </type>  
      <type>
        <name>html</name>
      </type>     
    </output_types>
  </report>  
  <report>
    <id>LockboxGLAccountDistribution</id>
    <title>Lockbox by GL Account Distribution</title>
    <roles>LockboxApprover,LockboxRequestor,LockboxAdmin</roles>
    <processor_class>com.svharbor.epass.reports.processors.DefaultReportProcessor</processor_class>
    <dao_method>runLockBoxGLAccountDistribution</dao_method>
    <output_types>
      <type>
      	<name>csv</name>
      </type>  
      <type>
        <name>html</name>
      </type>     
    </output_types>
  </report>   
  <report>
    <id>LockboxFiscalYear</id>
    <title>Lockbox by Fiscal Year</title>
    <roles>LockboxApprover,LockboxRequestor,LockboxAdmin</roles>
    <processor_class>com.svharbor.epass.reports.processors.DefaultReportProcessor</processor_class>
    <dao_method>runLockBoxByFiscalYear</dao_method>
    <output_types>
      <type>
      	<name>csv</name>
      </type>  
      <type>
        <name>html</name>
      </type>     
    </output_types>
  </report> 
   <report>
    <id>LockboxStatus</id>
    <title>Lockbox by Status</title>
    <roles>LockboxApprover,LockboxRequestor,LockboxAdmin</roles>
    <processor_class>com.svharbor.epass.reports.processors.DefaultReportProcessor</processor_class>
    <dao_method>runLockBoxStatus</dao_method>
    <output_types>
      <type>
      	<name>csv</name>
      </type>  
      <type>
        <name>html</name>
      </type>     
    </output_types>
  </report>                                      
</reports>