<?xml version="1.0" encoding="UTF-8"?>
<!DOCTYPE digester-rules PUBLIC "-//Jakarta Apache //DTD digester-rules XML V1.0//EN" "digester-rules.dtd">

<digester-rules>
	<pattern value="reports">
		<object-create-rule classname="com.svharbor.epass.reports.ReportManager" />
	</pattern>
	<pattern value="reports/report">
		<object-create-rule classname="com.svharbor.epass.bo.Report" />
		<bean-property-setter-rule pattern="id" propertyname="reportId"/>
		<bean-property-setter-rule pattern="title" propertyname="reportTitle"/>
		<bean-property-setter-rule pattern="description" propertyname="reportDescription"/>
		<bean-property-setter-rule pattern="processor_class" propertyname="reportProcessor"/>
		<bean-property-setter-rule pattern="dao_method" propertyname="daoMethodName"/>
		<bean-property-setter-rule pattern="roles" propertyname="roles" />
		<bean-property-setter-rule pattern="jsp_column_width" propertyname="jspColumnWidth" />		
		<set-next-rule methodname="addReport" />
	</pattern>	
	<pattern value="reports/report/lists/list_source">
		<object-create-rule classname="com.supervalu.svharbor.common.util.ui.HarborList" />
		<bean-property-setter-rule pattern="name" propertyname="name" />
		<set-next-rule methodname="addListSource" />
	</pattern>	
	<pattern value="reports/report/output_types/type">
		<object-create-rule classname="com.svharbor.epass.bo.OutputType" />
		<bean-property-setter-rule pattern="name" propertyname="name" />
		<bean-property-setter-rule pattern="description" propertyname="description" />
		<set-next-rule methodname="addOutputType" />
	</pattern>	
</digester-rules>