<?xml version="1.0" encoding="UTF-8"?>

  <linkCollection>
	<link>
		<ID>000</ID><!-- Do not change the ID for the error link -->
		<URL>error</URL>
		<ALT>Error</ALT>
		<TEXT>Error</TEXT>
		<TYPE>ERROR</TYPE>
	</link>
    <link>
		<ID>0</ID>
		<URL>home</URL>
		<TEXT>CBK Home</TEXT>
		<ALT>CBK Home</ALT>
		<TYPE>HOME</TYPE>
		<link>
			<ID>1</ID>
			<URL>javascript:newChargebackSearch();</URL>
			<BCONCLICK>newChargebackSearch();</BCONCLICK>
			<TEXT>Chargeback Search</TEXT>
			<ALT>Chargeback Search</ALT>
			<TYPE>HEADER</TYPE>
			<buttons>
				<button>
        			<TEXT>Go</TEXT>
					<ALT>Go</ALT>
					<URL>javascript:getChargebackResults();</URL>
					<ONCLICK>getChargebackResults();</ONCLICK>
				</button>
				<button>
	    			<TEXT>Clear</TEXT>
					<ALT>Clear</ALT>
					<URL></URL>
					<ONCLICK>clearFields();</ONCLICK>
				</button>
				<button>
        			<TEXT>Create</TEXT>
					<ALT>Create</ALT>
					<URL>javascript:createChargeback();</URL>
					<ONCLICK>createChargeback();</ONCLICK>
				</button>
				<button>
        			<TEXT>Cancel</TEXT>
					<ALT>Cancel</ALT>
					<URL></URL>
					<ONCLICK>cancel();</ONCLICK>
				</button>
			</buttons>
			<link>
				<ID>1-1</ID>
				<URL></URL>
				<BCONCLICK>cancel();</BCONCLICK>
				<TEXT>Select a Vendor</TEXT>
				<ALT>Select a Vendor</ALT>
				<TYPE>HEADER</TYPE>
				<buttons>
	  				<button>
						<TEXT>Cancel</TEXT>
	  					<ALT>Cancel</ALT>
	  					<URL></URL>
						<ONCLICK>window.close();</ONCLICK>
	  				</button>
				</buttons>			
			</link>
			<link>
				<ID>1-2</ID>
				<URL></URL>
				<BCONCLICK>cancel();</BCONCLICK>
				<TEXT>Select a Location</TEXT>
				<ALT>Select a Location</ALT>
				<TYPE>HEADER</TYPE>
				<buttons>
	  				<button>
						<TEXT>Cancel</TEXT>
	  					<ALT>Cancel</ALT>
	  					<URL></URL>
						<ONCLICK>window.close();</ONCLICK>
	  				</button>
				</buttons>			
			</link>
			<link>
				<ID>1-3</ID>
				<URL></URL>
				<BCONCLICK>cancel();</BCONCLICK>
				<TEXT>Select a User</TEXT>
				<ALT>Select a User</ALT>
				<TYPE>HEADER</TYPE>
				<buttons>
	  				<button>
						<TEXT>Cancel</TEXT>
	  					<ALT>Cancel</ALT>
	  					<URL></URL>
						<ONCLICK>window.close();</ONCLICK>
	  				</button>
				</buttons>			
			</link>
			<link>
				<ID>1-4</ID>
				<URL></URL>
				<BCONCLICK>cancel();</BCONCLICK>
				<TEXT>Select a User</TEXT>
				<ALT>Select a User</ALT>
				<TYPE>HEADER</TYPE>
				<buttons>
	  				<button>
						<TEXT>Cancel</TEXT>
	  					<ALT>Cancel</ALT>
	  					<URL></URL>
						<ONCLICK>window.close();</ONCLICK>
	  				</button>
				</buttons>			
			</link>
			<link>
				<ID>1-5</ID>
				<URL></URL>
				<BCONCLICK></BCONCLICK>
				<TEXT>Chargeback Search Results</TEXT>
				<ALT>Chargeback Search Results</ALT>
				<TYPE>LINK</TYPE>
				<buttons>
      				<button>
						<TEXT>New&lt;br/&gt;Search</TEXT>
						<ALT>New Search</ALT>
						<URL></URL>
						<ONCLICK>newChargebackSearch();</ONCLICK>
      		    	</button>
      				<button>
						<TEXT>Export&lt;br/&gt;All</TEXT>
      					<ALT>Export All</ALT>
      					<URL></URL>
      					<ONCLICK>exportList();</ONCLICK>
      				</button>
      				<button>
						<TEXT>Open&lt;br/&gt;Selected</TEXT>
      					<ALT>Open Selected</ALT>
      					<URL></URL>
      					<ONCLICK>openSelected();</ONCLICK>
      				</button>
      				<button>
						<TEXT>Done</TEXT>
      					<ALT>Done</ALT>
      					<URL></URL>
						<ONCLICK>done();</ONCLICK>
      				</button>
    			</buttons>
    		</link>
			
			<link>
				<ID>1-6</ID>
				<URL></URL>
				<BCONCLICK>cancel();</BCONCLICK>
				<TEXT>Chargeback Detail:</TEXT>
				<ALT>Chargeback Detail</ALT>
				<TYPE>HEADER</TYPE>
				<buttons>
	  				<button>
						<TEXT>Approve</TEXT>
						<ALT>Approve</ALT>
						<URL></URL>
						<ONCLICK>newChargebackSearch();</ONCLICK>
      		    	</button>
      				<button>
						<TEXT>Deny</TEXT>
      					<ALT>Deny</ALT>
      					<URL></URL>
      					<ONCLICK>exportList();</ONCLICK>
      				</button>
      				<button>
						<TEXT>Print</TEXT>
      					<ALT>Print</ALT>
      					<URL></URL>
      					<ONCLICK>openSelected();</ONCLICK>
      				</button>
      				<button>
						<TEXT>Done</TEXT>
      					<ALT>Done</ALT>
      					<URL></URL>
						<ONCLICK>done();</ONCLICK>
      				</button>
				</buttons>			
			</link>
			<link>
				<ID>1-7</ID>
				<URL></URL>
				<BCONCLICK>cancel();</BCONCLICK>
				<TEXT>Available Chargebacks:</TEXT>
				<ALT>Available Chargebacks</ALT>
				<TYPE>HEADER</TYPE>
				<buttons>
					<button>
						<TEXT>Search CBK</TEXT>
						<ALT>Search CBK</ALT>
						<URL></URL>
						<ONCLICK>newChargebackSearch();</ONCLICK>
      		    	</button>
      		    	<button>
						<TEXT>Open Sel</TEXT>
      					<ALT>Open Sel</ALT>
      					<URL></URL>
      					<ONCLICK>openSelected();</ONCLICK>
      				</button>
	  				<button>
						<TEXT>Approve</TEXT>
						<ALT>Approve</ALT>
						<URL></URL>
						<ONCLICK>approve();</ONCLICK>
      		    	</button>
      				<button>
						<TEXT>Deny</TEXT>
      					<ALT>Deny</ALT>
      					<URL></URL>
      					<ONCLICK>deny();</ONCLICK>
      				</button>
      				<button>
						<TEXT>Done</TEXT>
      					<ALT>Done</ALT>
      					<URL></URL>
						<ONCLICK>done();</ONCLICK>
      				</button>
				</buttons>			
			</link>
			<link>
				<ID>1-8</ID>
				<URL></URL>
				<BCONCLICK>cancel();</BCONCLICK>
				<TEXT>Create Chargeback:</TEXT>
				<ALT>Create Chargeback </ALT>
				<TYPE>HEADER</TYPE>
				<buttons>
	  				<button>
						<TEXT>Submit</TEXT>
						<ALT>Approve</ALT>
						<URL></URL>
						<ONCLICK>createCbk();</ONCLICK>
      		    	</button>      				
				</buttons>			
			</link>
		</link>	
		<link>
			<ID>2</ID>
			<URL>javascript:newPaymentSearch();</URL>
			<TEXT>Chargeback Approvals</TEXT>
			<ALT>Chargeback Approvals</ALT>
			<TYPE>HEADER</TYPE>
		</link>
		<link>
			<ID>3</ID>
			<URL>chargebackAdmin?action=admin</URL>
			<TEXT>Chargeback Admin</TEXT>
			<ALT>Chargeback Admin</ALT>
			<TYPE>HEADER</TYPE>
			<buttons>
				<button>
					<TEXT>Done</TEXT>
      				<ALT>Done</ALT>
      				<URL></URL>
					<ONCLICK>done();</ONCLICK>
      			</button>
			</buttons>
			<link>
				<ID>3-1</ID>
				<URL></URL>
				<BCONCLICK>chargebackAudits();</BCONCLICK>
				<TEXT>Chargeback Audits:</TEXT>
				<ALT>Chargeback Audits</ALT>
				<TYPE>HEADER</TYPE>
			</link>
			<link>
				<ID>3-2</ID>
				<URL></URL>
				<BCONCLICK>chargebackAging();</BCONCLICK>
				<TEXT>Chargeback Aging:</TEXT>
				<ALT>Chargeback Aging</ALT>
				<TYPE>HEADER</TYPE>
			</link>
			<link>
				<ID>3-3</ID>
				<URL></URL>
				<BCONCLICK>openChargebacks();</BCONCLICK>
				<TEXT>Open Chargebacks:</TEXT>
				<ALT>Open Chargeback</ALT>
				<TYPE>HEADER</TYPE>
			</link>
			<link>
				<ID>3-4</ID>
				<URL></URL>
				<BCONCLICK>balanceSheetAccrual();</BCONCLICK>
				<TEXT>Balance Sheet Accrual:</TEXT>
				<ALT>Balance Sheet Accrual</ALT>
				<TYPE>HEADER</TYPE>
			</link>
			<link>
				<ID>3-5</ID>
				<URL></URL>
				<BCONCLICK>plAccruals();</BCONCLICK>
				<TEXT>PL Accruals:</TEXT>
				<ALT>PL Accruals</ALT>
				<TYPE>HEADER</TYPE>
			</link>
			<link>
				<ID>3-6</ID>
				<URL></URL>
				<BCONCLICK>importChargebacks();</BCONCLICK>
				<TEXT>Import Chargebacks:</TEXT>
				<ALT>Import Chargebacks</ALT>
				<TYPE>HEADER</TYPE>
			</link>
			<link>
				<ID>3-7</ID>
				<URL></URL>
				<BCONCLICK>;</BCONCLICK>
				<TEXT>User Search:</TEXT>
				<ALT>User Search</ALT>
				<TYPE>HEADER</TYPE>
				<button>
        			<TEXT>Go</TEXT>
					<ALT>Go</ALT>
					<URL>javascript:userSearchResults();</URL>
					<ONCLICK>userSearchResults();</ONCLICK>
				</button>
				<button>
	    			<TEXT>Done</TEXT>
					<ALT>Done</ALT>
					<URL></URL>
					<ONCLICK>done();</ONCLICK>
				</button>
				
				
			</link>
			
			
			
			
			
			
		</link>
		<link>
			<ID>4</ID>
						
			<URL>javascript:newPaymentSearch();</URL>
			<TEXT>Chargeback Export</TEXT>
			<ALT>Chargeback Export</ALT>
			<TYPE>HEADER</TYPE>
		</link>
		<link>
			<ID>5</ID>
						
			<URL>javascript:newPaymentSearch();</URL>
			<TEXT>Chargeback Import</TEXT>
			<ALT>Chargeback Import</ALT>
			<TYPE>HEADER</TYPE>
		</link>
		<link>
			<ID>6</ID>
						
			<URL>javascript:newPaymentSearch();</URL>
			<TEXT>Chargeback Manager</TEXT>
			<ALT>Chargeback Manager</ALT>
			<TYPE>HEADER</TYPE>
		</link>
		<link>
			<ID>7</ID>
						
			<URL>javascript:newPaymentSearch();</URL>
			<TEXT>Chargeback Report</TEXT>
			<ALT>Chargeback Report</ALT>
			<TYPE>HEADER</TYPE>
		</link>
		<link>
			<ID>8</ID>
						
			<URL>javascript:newPaymentSearch();</URL>
			<TEXT>Vendor Compliance</TEXT>
			<ALT>Vendor Compliance</ALT>
			<TYPE>HEADER</TYPE>
		</link>
		
		<link>
			<ID>9</ID>
						
			<URL>javascript:newPaymentSearch();</URL>
			<TEXT>Sundry Invoices</TEXT>
			<ALT>Sundry Invoices</ALT>
			<TYPE>HEADER</TYPE>
		</link>
		
		<link>
			<ID>10</ID>
						
			<URL>javascript:newPaymentSearch();</URL>
			<TEXT>Sundry Export</TEXT>
			<ALT>Sundry Export</ALT>
			<TYPE>HEADER</TYPE>
		</link>
		<link>
			<ID>11</ID>
						
			<URL>javascript:newPaymentSearch();</URL>
			<TEXT>Sundry Manager</TEXT>
			<ALT>Sundry Manager</ALT>
			<TYPE>HEADER</TYPE>
		</link>
		</link>
		</linkCollection>